               epoch,      train/box_loss,      train/obj_loss,      train/cls_loss,   metrics/precision,      metrics/recall,     metrics/mAP_0.5,metrics/mAP_0.5:0.95,        val/box_loss,        val/obj_loss,        val/cls_loss,               x/lr0,               x/lr1,               x/lr2
                   0,             0.13982,             0.14264,            0.055442,          0.00036314,           0.0042449,          0.00019372,          5.0005e-05,             0.13293,             0.23944,            0.053496,            0.070294,           0.0033007,           0.0033007
                   1,             0.13086,             0.15497,            0.048163,            0.018069,            0.051763,            0.014208,           0.0037249,             0.12312,             0.24066,            0.052523,            0.040272,           0.0066121,           0.0066121
                   2,             0.12319,             0.17035,            0.046561,             0.62452,            0.021068,            0.019421,           0.0058229,             0.11988,             0.31222,              0.0525,            0.010228,           0.0099015,           0.0099015
                   3,             0.11815,             0.17438,            0.044159,             0.44467,             0.10098,            0.046388,            0.015611,             0.11435,             0.26362,            0.047461,            0.009901,            0.009901,            0.009901
                   4,             0.11522,             0.17806,            0.041119,             0.36566,             0.11559,            0.060453,            0.020747,              0.1118,             0.24917,            0.045397,            0.009901,            0.009901,            0.009901
                   5,             0.11332,             0.17665,            0.039837,             0.47147,             0.12992,            0.069826,            0.026341,             0.10963,             0.25091,            0.040633,            0.009868,            0.009868,            0.009868
                   6,             0.11187,             0.17617,            0.038692,             0.38662,             0.13321,            0.078826,            0.031756,             0.10825,             0.24922,            0.040529,            0.009835,            0.009835,            0.009835
                   7,             0.11098,             0.17517,            0.038197,             0.49155,             0.12857,            0.079394,            0.030806,             0.10751,             0.23923,            0.039561,            0.009802,            0.009802,            0.009802
                   8,              0.1101,             0.17654,            0.037635,              0.3976,             0.16253,            0.093856,            0.038038,             0.10636,             0.23964,            0.038862,            0.009769,            0.009769,            0.009769
                   9,             0.10918,             0.17599,            0.037062,             0.33184,             0.16231,             0.10128,            0.041714,             0.10555,             0.23712,            0.039315,            0.009736,            0.009736,            0.009736
                  10,              0.1088,             0.17417,            0.036676,             0.44447,              0.1489,            0.099888,            0.039571,             0.10526,             0.24019,             0.03837,            0.009703,            0.009703,            0.009703
                  11,             0.10825,             0.17579,            0.036133,             0.42203,             0.14521,            0.098553,            0.038512,             0.10558,             0.23826,            0.038154,             0.00967,             0.00967,             0.00967
                  12,             0.10784,             0.17499,            0.035997,             0.46831,             0.16701,             0.11915,            0.050613,             0.10412,             0.23669,            0.037732,            0.009637,            0.009637,            0.009637
                  13,             0.10743,             0.17435,            0.035821,             0.47307,              0.1692,             0.11881,             0.04735,             0.10412,             0.23749,            0.037976,            0.009604,            0.009604,            0.009604
                  14,             0.10682,             0.17539,            0.035265,             0.48396,             0.16313,             0.11866,            0.049535,             0.10341,             0.23777,            0.037273,            0.009571,            0.009571,            0.009571
                  15,             0.10659,             0.17482,            0.035077,             0.47174,             0.17806,             0.12821,            0.054455,             0.10325,             0.23564,            0.037749,            0.009538,            0.009538,            0.009538
                  16,             0.10662,             0.17619,            0.034949,             0.48649,             0.17583,             0.13665,            0.057859,             0.10257,             0.23386,            0.036946,            0.009505,            0.009505,            0.009505
                  17,             0.10622,             0.17487,            0.034631,             0.46452,             0.17229,             0.12499,            0.051818,             0.10353,              0.2362,            0.037102,            0.009472,            0.009472,            0.009472
                  18,             0.10572,             0.17523,            0.034495,             0.28279,             0.18207,             0.12902,            0.052081,             0.10338,             0.23593,            0.037025,            0.009439,            0.009439,            0.009439
                  19,             0.10575,             0.17638,            0.034092,             0.48022,             0.18444,              0.1395,            0.059912,             0.10275,             0.23759,            0.036543,            0.009406,            0.009406,            0.009406
                  20,             0.10542,             0.17302,            0.034103,             0.42037,             0.18269,             0.14453,            0.064066,             0.10171,             0.23506,            0.036525,            0.009373,            0.009373,            0.009373
                  21,             0.10519,             0.17384,            0.033966,             0.42743,             0.18496,             0.14907,            0.065084,             0.10175,             0.23473,            0.035953,             0.00934,             0.00934,             0.00934
                  22,             0.10466,              0.1724,             0.03369,             0.42226,             0.19331,             0.14715,            0.064685,             0.10212,             0.23314,            0.036514,            0.009307,            0.009307,            0.009307
                  23,             0.10433,              0.1715,            0.033497,             0.31802,             0.19261,             0.15315,            0.067704,             0.10113,             0.23366,            0.035673,            0.009274,            0.009274,            0.009274
                  24,              0.1047,             0.17275,            0.033373,             0.33169,             0.19164,             0.15292,             0.06842,             0.10111,             0.23321,            0.036182,            0.009241,            0.009241,            0.009241
                  25,             0.10411,             0.17197,            0.033082,             0.30404,             0.19807,             0.15796,            0.068938,              0.1011,             0.23242,            0.035734,            0.009208,            0.009208,            0.009208
                  26,             0.10382,             0.17265,            0.032956,             0.41699,              0.1958,             0.16099,            0.071827,             0.10064,             0.23108,            0.035724,            0.009175,            0.009175,            0.009175
                  27,              0.1037,             0.17093,            0.032868,             0.33509,             0.19918,              0.1638,            0.073682,             0.10028,             0.23236,              0.0354,            0.009142,            0.009142,            0.009142
                  28,             0.10411,             0.17257,            0.032634,              0.3999,             0.19439,             0.16526,            0.073801,             0.10033,             0.23179,            0.035323,            0.009109,            0.009109,            0.009109
                  29,              0.1043,             0.17314,            0.032679,             0.36082,             0.20607,             0.16807,            0.075972,             0.10043,             0.23149,            0.035324,            0.009076,            0.009076,            0.009076
                  30,             0.10346,             0.17321,            0.032589,             0.47633,             0.19812,              0.1711,             0.07738,             0.10017,             0.23308,            0.034931,            0.009043,            0.009043,            0.009043
                  31,             0.10344,              0.1719,            0.032326,             0.37497,              0.2021,             0.17252,            0.077998,             0.10004,             0.22934,            0.034936,             0.00901,             0.00901,             0.00901
                  32,             0.10373,             0.17308,            0.032181,             0.35875,             0.20841,             0.17573,            0.080201,            0.099868,             0.23071,            0.034909,            0.008977,            0.008977,            0.008977
                  33,             0.10308,             0.17335,            0.032186,             0.36151,             0.19929,              0.1754,            0.079647,            0.099806,             0.22959,             0.03521,            0.008944,            0.008944,            0.008944
                  34,             0.10315,             0.17313,            0.032072,             0.36473,             0.20214,             0.17687,            0.080171,            0.099817,             0.23112,             0.03483,            0.008911,            0.008911,            0.008911
                  35,             0.10314,              0.1723,            0.031862,             0.27054,             0.20975,             0.17817,            0.080889,            0.099749,             0.23093,            0.034991,            0.008878,            0.008878,            0.008878
                  36,               0.103,             0.17111,            0.031589,             0.36422,             0.20246,             0.17648,            0.080057,            0.099687,              0.2317,            0.034737,            0.008845,            0.008845,            0.008845
                  37,             0.10319,             0.17274,            0.031731,             0.26594,             0.20348,             0.17895,            0.081015,            0.099452,             0.23079,            0.035518,            0.008812,            0.008812,            0.008812
                  38,             0.10255,             0.17105,            0.031713,             0.37226,             0.20687,             0.18397,             0.08471,            0.099303,             0.23005,            0.034205,            0.008779,            0.008779,            0.008779
                  39,             0.10266,             0.17155,            0.031688,             0.36948,              0.2117,             0.18907,            0.086515,            0.099191,             0.23153,            0.034238,            0.008746,            0.008746,            0.008746
                  40,             0.10238,              0.1701,            0.031432,             0.31175,             0.21411,             0.19051,            0.087979,            0.099023,             0.22989,            0.034166,            0.008713,            0.008713,            0.008713
                  41,             0.10254,             0.16908,            0.031173,             0.27838,             0.21616,             0.19011,            0.088362,            0.098893,             0.22883,            0.034173,             0.00868,             0.00868,             0.00868
                  42,             0.10208,              0.1704,            0.031457,             0.38378,             0.20867,             0.18792,            0.088515,            0.098784,             0.22872,            0.033836,            0.008647,            0.008647,            0.008647
                  43,             0.10234,              0.1728,            0.031126,             0.39551,             0.20821,             0.18896,             0.08675,            0.098804,             0.22832,            0.033894,            0.008614,            0.008614,            0.008614
                  44,             0.10226,             0.17031,            0.031039,             0.34066,             0.21477,             0.19339,             0.09007,            0.098736,             0.22883,            0.034043,            0.008581,            0.008581,            0.008581
                  45,             0.10226,             0.17057,            0.031098,             0.30321,             0.21441,             0.19324,            0.089097,            0.098687,             0.22933,            0.033908,            0.008548,            0.008548,            0.008548
                  46,             0.10201,             0.17036,            0.030892,             0.28641,             0.21947,             0.19485,            0.091758,            0.098638,             0.22817,            0.033897,            0.008515,            0.008515,            0.008515
                  47,             0.10266,             0.17152,            0.030987,             0.40417,              0.2117,             0.19337,            0.090715,            0.098448,             0.22919,            0.033956,            0.008482,            0.008482,            0.008482
                  48,             0.10218,             0.16993,            0.030646,             0.39429,             0.21467,             0.19702,             0.09209,             0.09844,             0.22854,            0.033775,            0.008449,            0.008449,            0.008449
                  49,              0.1018,             0.17107,            0.030827,              0.2916,             0.21525,             0.20015,            0.094236,            0.098294,             0.22822,            0.033632,            0.008416,            0.008416,            0.008416
                  50,              0.1019,             0.17149,            0.030808,             0.29241,             0.22264,              0.1997,            0.095012,            0.098263,             0.22755,            0.033461,            0.008383,            0.008383,            0.008383
                  51,             0.10139,             0.17006,            0.030564,             0.31374,             0.22082,             0.20427,            0.095621,             0.09826,             0.22763,            0.033601,             0.00835,             0.00835,             0.00835
                  52,             0.10173,             0.16886,            0.030443,             0.29482,             0.22331,             0.20239,            0.095808,            0.098238,             0.22772,            0.033429,            0.008317,            0.008317,            0.008317
                  53,             0.10145,             0.16882,            0.030258,             0.31315,             0.22001,             0.20339,            0.096568,            0.098171,             0.22746,            0.033386,            0.008284,            0.008284,            0.008284
                  54,             0.10168,              0.1697,            0.030335,             0.30063,             0.23056,             0.20765,             0.09771,            0.097984,              0.2272,            0.033389,            0.008251,            0.008251,            0.008251
                  55,             0.10186,             0.17172,            0.030341,              0.3133,             0.22069,             0.20423,            0.097226,            0.097972,             0.22726,            0.033293,            0.008218,            0.008218,            0.008218
                  56,             0.10156,             0.16855,            0.030334,             0.29971,             0.22865,             0.20862,            0.099279,            0.097957,              0.2278,            0.033334,            0.008185,            0.008185,            0.008185
                  57,             0.10145,             0.16927,            0.030135,             0.30511,             0.22907,             0.20893,            0.099009,            0.097933,             0.22725,             0.03321,            0.008152,            0.008152,            0.008152
                  58,             0.10095,             0.16869,            0.030024,             0.32349,             0.23417,             0.21086,             0.10027,            0.097847,             0.22704,            0.033118,            0.008119,            0.008119,            0.008119
                  59,             0.10118,             0.16828,            0.030004,             0.32654,             0.23143,             0.20853,            0.099358,             0.09778,             0.22708,            0.033052,            0.008086,            0.008086,            0.008086
                  60,             0.10112,             0.16837,            0.030117,             0.31653,              0.2318,             0.21178,             0.10079,            0.097758,             0.22712,            0.033133,            0.008053,            0.008053,            0.008053
                  61,              0.1012,             0.17028,            0.030133,             0.31872,             0.23621,             0.21563,             0.10243,            0.097649,             0.22625,             0.03289,             0.00802,             0.00802,             0.00802
                  62,             0.10114,             0.17029,            0.029875,             0.31768,             0.23486,             0.21387,             0.10359,            0.097732,             0.22695,            0.033018,            0.007987,            0.007987,            0.007987
                  63,             0.10114,             0.16985,            0.029876,             0.32689,             0.23676,             0.21669,              0.1034,            0.097557,             0.22704,            0.032835,            0.007954,            0.007954,            0.007954
                  64,              0.1008,             0.16785,            0.029831,             0.31364,             0.24058,             0.21669,             0.10495,            0.097613,             0.22727,            0.032947,            0.007921,            0.007921,            0.007921
                  65,             0.10106,             0.16863,            0.029765,              0.3309,             0.23897,             0.21865,             0.10624,            0.097484,             0.22621,            0.032996,            0.007888,            0.007888,            0.007888
                  66,             0.10072,             0.16699,            0.029561,             0.31901,             0.24215,             0.21831,             0.10553,            0.097516,             0.22695,            0.032959,            0.007855,            0.007855,            0.007855
                  67,             0.10109,             0.16859,            0.029621,             0.32301,             0.24075,             0.22076,             0.10676,            0.097469,             0.22638,            0.032894,            0.007822,            0.007822,            0.007822
                  68,             0.10132,             0.17057,            0.029802,             0.32225,             0.24284,             0.22163,             0.10681,            0.097377,             0.22591,            0.032715,            0.007789,            0.007789,            0.007789
                  69,             0.10061,             0.16758,            0.029555,             0.32028,             0.24716,             0.22102,             0.10824,            0.097385,             0.22602,            0.032798,            0.007756,            0.007756,            0.007756
                  70,             0.10091,             0.16878,            0.029587,             0.32977,             0.24249,             0.22079,             0.10676,            0.097399,             0.22622,            0.032688,            0.007723,            0.007723,            0.007723
                  71,              0.1012,              0.1698,            0.029565,             0.32564,              0.2395,             0.22134,             0.10747,            0.097308,             0.22564,             0.03285,             0.00769,             0.00769,             0.00769
                  72,             0.10045,             0.16738,            0.029544,             0.33733,             0.23566,             0.22364,             0.10822,             0.09732,             0.22624,            0.032692,            0.007657,            0.007657,            0.007657
                  73,              0.1007,             0.16838,            0.029521,             0.33113,             0.24404,              0.2232,             0.10898,            0.097235,             0.22577,            0.032605,            0.007624,            0.007624,            0.007624
                  74,             0.10068,             0.16929,            0.029445,             0.33711,             0.24314,             0.22545,             0.11032,            0.097136,             0.22584,             0.03263,            0.007591,            0.007591,            0.007591
                  75,             0.10036,             0.16746,            0.029182,             0.34153,             0.24316,             0.22611,             0.10973,            0.097101,             0.22541,            0.032658,            0.007558,            0.007558,            0.007558
                  76,             0.10058,             0.16821,             0.02924,             0.33198,             0.24481,              0.2241,             0.10952,            0.097103,             0.22521,            0.032542,            0.007525,            0.007525,            0.007525
                  77,             0.10008,             0.16669,            0.029305,              0.3338,             0.24647,             0.22748,             0.11152,            0.097105,             0.22521,            0.032553,            0.007492,            0.007492,            0.007492
                  78,             0.10054,             0.16918,            0.029308,             0.34356,             0.24077,             0.22628,             0.11112,            0.097038,             0.22571,            0.032476,            0.007459,            0.007459,            0.007459
                  79,             0.10038,             0.16818,            0.029104,             0.33948,             0.24567,             0.22643,             0.11205,            0.097037,             0.22562,            0.032411,            0.007426,            0.007426,            0.007426
                  80,              0.1004,             0.16964,            0.029218,              0.3431,             0.24411,             0.22694,              0.1112,            0.096969,             0.22548,             0.03242,            0.007393,            0.007393,            0.007393
                  81,             0.10005,             0.16686,            0.029183,             0.34065,             0.24821,             0.22865,             0.11201,            0.096955,             0.22521,            0.032369,             0.00736,             0.00736,             0.00736
                  82,             0.10024,             0.16727,            0.029039,             0.34009,             0.24993,             0.22952,              0.1135,            0.096942,             0.22539,            0.032384,            0.007327,            0.007327,            0.007327
                  83,             0.10036,             0.16743,             0.02903,             0.34616,             0.24506,             0.22934,             0.11367,            0.096973,              0.2251,            0.032363,            0.007294,            0.007294,            0.007294
                  84,            0.099929,             0.16605,            0.029047,             0.34106,             0.24947,             0.23083,             0.11331,            0.096909,             0.22518,            0.032342,            0.007261,            0.007261,            0.007261
                  85,             0.10041,             0.17059,            0.029189,             0.33475,             0.24871,             0.23186,             0.11366,            0.096855,             0.22524,            0.032295,            0.007228,            0.007228,            0.007228
                  86,             0.10006,             0.16782,            0.029002,             0.34319,             0.25095,              0.2326,             0.11431,             0.09685,             0.22537,            0.032304,            0.007195,            0.007195,            0.007195
                  87,             0.10035,             0.16888,            0.028938,               0.344,             0.25108,             0.23106,             0.11366,            0.096801,             0.22524,             0.03226,            0.007162,            0.007162,            0.007162
                  88,             0.10026,             0.16885,            0.028975,             0.34902,             0.25113,             0.23309,             0.11481,             0.09675,             0.22501,            0.032225,            0.007129,            0.007129,            0.007129
                  89,             0.10009,             0.16653,            0.028578,             0.35449,             0.24795,             0.23362,             0.11508,            0.096751,               0.225,            0.032307,            0.007096,            0.007096,            0.007096
                  90,              0.1002,             0.16688,             0.02889,             0.33557,             0.25104,             0.23347,             0.11479,            0.096724,             0.22503,            0.032257,            0.007063,            0.007063,            0.007063
                  91,             0.09986,             0.16774,             0.02867,             0.33741,             0.25064,             0.23354,             0.11505,            0.096716,             0.22495,            0.032286,             0.00703,             0.00703,             0.00703
                  92,             0.10031,             0.16817,            0.028681,             0.33768,             0.25203,             0.23349,             0.11532,            0.096668,             0.22463,            0.032223,            0.006997,            0.006997,            0.006997
                  93,            0.099933,             0.16778,            0.028652,              0.3426,             0.25075,             0.23468,              0.1156,            0.096652,             0.22466,            0.032196,            0.006964,            0.006964,            0.006964
                  94,             0.10031,             0.17102,            0.028896,             0.33934,             0.25352,              0.2352,             0.11621,            0.096618,             0.22467,            0.032196,            0.006931,            0.006931,            0.006931
                  95,             0.09986,             0.16898,            0.028575,             0.34648,             0.25154,             0.23596,             0.11692,            0.096626,             0.22461,            0.032159,            0.006898,            0.006898,            0.006898
                  96,            0.099736,             0.16646,            0.028455,             0.34191,             0.25406,             0.23726,             0.11774,              0.0966,             0.22449,            0.032171,            0.006865,            0.006865,            0.006865
                  97,            0.099618,              0.1683,            0.028382,             0.34434,             0.25557,             0.23764,             0.11764,            0.096608,             0.22453,            0.032145,            0.006832,            0.006832,            0.006832
                  98,            0.099967,             0.16699,            0.028562,             0.34598,              0.2544,             0.23772,              0.1185,            0.096552,             0.22443,            0.032041,            0.006799,            0.006799,            0.006799
                  99,                 0.1,             0.16728,            0.028528,             0.34175,             0.25637,             0.23896,             0.11849,            0.096531,             0.22447,            0.031986,            0.006766,            0.006766,            0.006766
                 100,            0.099704,             0.16758,            0.028438,             0.33795,             0.25743,             0.23932,             0.11882,            0.096519,             0.22455,             0.03196,            0.006733,            0.006733,            0.006733
                 101,            0.099574,             0.16663,             0.02829,             0.33312,             0.25664,             0.23855,             0.11835,            0.096487,             0.22439,            0.031999,              0.0067,              0.0067,              0.0067
                 102,            0.099816,             0.16656,            0.028341,             0.34144,             0.25707,             0.24028,              0.1187,             0.09648,             0.22448,            0.031992,            0.006667,            0.006667,            0.006667
                 103,            0.099882,             0.16641,            0.028563,             0.34204,             0.25771,              0.2397,             0.11909,            0.096452,             0.22442,            0.031991,            0.006634,            0.006634,            0.006634
                 104,            0.099816,             0.16633,             0.02837,             0.34084,             0.25825,             0.23994,             0.11925,            0.096434,             0.22433,            0.031964,            0.006601,            0.006601,            0.006601
                 105,            0.099601,             0.16648,            0.028251,             0.34416,             0.25917,             0.24016,             0.11932,            0.096415,             0.22437,            0.031879,            0.006568,            0.006568,            0.006568
                 106,            0.099519,             0.16823,            0.028382,             0.33396,             0.26103,             0.24039,             0.11946,            0.096412,             0.22431,            0.031881,            0.006535,            0.006535,            0.006535
                 107,            0.099276,             0.16632,            0.028275,             0.33879,             0.25899,             0.23962,             0.11888,            0.096371,              0.2243,            0.031894,            0.006502,            0.006502,            0.006502
                 108,            0.099376,             0.16621,            0.028265,             0.33615,             0.26009,             0.24022,             0.11938,            0.096369,             0.22431,             0.03189,            0.006469,            0.006469,            0.006469
                 109,            0.099465,             0.16663,            0.028288,             0.33503,             0.26042,             0.23985,             0.11952,            0.096354,             0.22422,            0.031871,            0.006436,            0.006436,            0.006436
                 110,            0.099586,              0.1674,             0.02807,             0.34166,             0.25949,             0.24103,             0.12006,             0.09634,             0.22415,            0.031878,            0.006403,            0.006403,            0.006403
                 111,            0.099771,             0.16714,            0.028242,             0.34222,             0.25859,             0.24217,             0.12029,            0.096317,             0.22399,            0.031853,             0.00637,             0.00637,             0.00637
                 112,            0.099345,             0.16627,            0.027983,             0.34607,             0.25888,             0.24309,             0.12082,            0.096306,             0.22398,            0.031823,            0.006337,            0.006337,            0.006337
                 113,            0.099099,             0.16516,            0.027929,             0.34634,             0.25963,             0.24396,             0.12086,             0.09628,             0.22405,            0.031835,            0.006304,            0.006304,            0.006304
                 114,             0.09939,             0.16691,            0.028152,             0.34236,             0.26086,             0.24406,             0.12091,            0.096262,             0.22406,            0.031823,            0.006271,            0.006271,            0.006271
                 115,            0.099588,             0.16756,            0.028025,             0.34346,             0.26202,             0.24509,             0.12139,            0.096246,             0.22398,            0.031799,            0.006238,            0.006238,            0.006238
                 116,            0.099616,             0.16611,            0.028037,             0.34142,             0.26296,             0.24499,              0.1212,            0.096237,             0.22404,            0.031789,            0.006205,            0.006205,            0.006205
                 117,            0.099409,             0.16592,            0.028068,             0.33448,             0.26333,             0.24446,             0.12096,            0.096223,             0.22401,            0.031804,            0.006172,            0.006172,            0.006172
                 118,            0.099426,             0.16687,            0.028021,              0.3359,             0.26278,             0.24509,             0.12112,            0.096228,              0.2239,            0.031779,            0.006139,            0.006139,            0.006139
                 119,            0.099354,             0.16724,            0.027866,             0.34082,             0.26367,             0.24495,             0.12128,             0.09621,             0.22384,            0.031757,            0.006106,            0.006106,            0.006106
                 120,            0.099693,             0.16539,            0.027815,             0.34239,             0.26223,             0.24434,             0.12142,            0.096203,             0.22382,            0.031736,            0.006073,            0.006073,            0.006073
                 121,            0.098969,              0.1654,            0.027847,             0.33823,             0.26428,              0.2447,             0.12135,            0.096189,             0.22389,            0.031742,             0.00604,             0.00604,             0.00604
                 122,            0.099262,             0.16601,            0.027732,             0.34482,              0.2623,             0.24493,             0.12167,            0.096184,             0.22385,            0.031733,            0.006007,            0.006007,            0.006007
                 123,            0.099064,             0.16662,            0.027793,             0.34549,             0.26394,             0.24552,             0.12199,            0.096163,             0.22389,            0.031724,            0.005974,            0.005974,            0.005974
                 124,            0.099058,             0.16513,            0.027868,             0.34808,             0.26483,             0.24594,             0.12239,            0.096141,             0.22391,            0.031693,            0.005941,            0.005941,            0.005941
                 125,            0.098994,             0.16462,            0.027864,             0.34888,             0.26669,             0.24588,             0.12275,            0.096129,             0.22386,            0.031681,            0.005908,            0.005908,            0.005908
                 126,            0.099027,             0.16473,            0.027698,             0.35005,             0.26698,             0.24662,             0.12301,            0.096115,             0.22385,            0.031665,            0.005875,            0.005875,            0.005875
                 127,             0.09926,             0.16561,            0.027633,             0.34862,             0.26943,             0.24751,             0.12329,            0.096106,             0.22388,            0.031651,            0.005842,            0.005842,            0.005842
                 128,            0.099296,             0.16643,            0.027555,             0.35004,             0.26867,             0.24837,             0.12391,            0.096091,             0.22386,            0.031638,            0.005809,            0.005809,            0.005809
                 129,            0.099373,             0.16691,            0.027859,             0.35039,             0.26956,             0.24859,             0.12391,            0.096077,             0.22388,            0.031609,            0.005776,            0.005776,            0.005776
                 130,            0.098881,             0.16495,            0.027784,             0.35157,             0.27016,             0.24865,             0.12392,            0.096056,             0.22388,             0.03159,            0.005743,            0.005743,            0.005743
                 131,            0.099252,             0.16517,            0.027651,              0.3516,             0.26992,              0.2486,             0.12416,            0.096042,             0.22386,             0.03157,             0.00571,             0.00571,             0.00571
                 132,            0.099227,             0.16419,            0.027564,             0.35033,             0.26924,             0.24888,             0.12458,            0.096029,              0.2239,            0.031558,            0.005677,            0.005677,            0.005677
                 133,            0.098823,             0.16396,            0.027492,             0.35125,             0.26847,             0.24908,             0.12458,            0.096016,             0.22392,             0.03156,            0.005644,            0.005644,            0.005644
                 134,            0.098866,             0.16432,            0.027546,             0.35078,             0.26907,             0.24957,             0.12464,            0.096003,             0.22387,            0.031553,            0.005611,            0.005611,            0.005611
                 135,            0.098959,             0.16476,             0.02768,             0.34614,             0.27251,             0.24945,             0.12455,            0.095985,             0.22385,            0.031544,            0.005578,            0.005578,            0.005578
                 136,            0.098992,             0.16617,            0.027606,             0.34642,             0.27223,             0.24949,             0.12443,            0.095971,             0.22386,            0.031542,            0.005545,            0.005545,            0.005545
                 137,            0.098705,              0.1629,            0.027546,             0.34491,             0.27358,             0.24981,             0.12456,            0.095958,             0.22385,            0.031521,            0.005512,            0.005512,            0.005512
                 138,            0.099479,             0.16514,            0.027412,             0.34503,             0.27428,             0.25055,             0.12462,            0.095953,              0.2238,            0.031518,            0.005479,            0.005479,            0.005479
                 139,            0.098997,             0.16504,            0.027537,             0.34201,             0.27606,             0.25055,             0.12488,            0.095943,             0.22379,            0.031513,            0.005446,            0.005446,            0.005446
                 140,            0.098788,             0.16272,            0.027368,             0.34331,             0.27638,             0.25014,             0.12502,            0.095932,              0.2238,            0.031513,            0.005413,            0.005413,            0.005413
                 141,            0.098771,             0.16455,            0.027486,             0.34191,             0.27518,             0.25048,             0.12518,            0.095923,              0.2238,            0.031502,             0.00538,             0.00538,             0.00538
                 142,            0.098818,             0.16455,            0.027489,              0.3446,             0.27485,             0.25063,             0.12521,            0.095911,             0.22378,            0.031492,            0.005347,            0.005347,            0.005347
                 143,            0.098745,             0.16537,            0.027435,             0.34528,             0.27526,             0.25067,             0.12525,            0.095901,             0.22375,            0.031495,            0.005314,            0.005314,            0.005314
                 144,            0.098929,             0.16399,            0.027257,             0.34391,             0.27377,             0.25078,             0.12523,            0.095893,             0.22372,            0.031486,            0.005281,            0.005281,            0.005281
                 145,            0.098983,             0.16653,            0.027221,             0.34328,             0.27456,               0.251,             0.12553,            0.095883,             0.22371,            0.031475,            0.005248,            0.005248,            0.005248
                 146,            0.098495,             0.16453,            0.027375,             0.34621,             0.27436,             0.25093,              0.1255,            0.095874,             0.22369,             0.03147,            0.005215,            0.005215,            0.005215
                 147,            0.098739,             0.16468,            0.027237,             0.34603,             0.27455,             0.25188,             0.12559,            0.095867,             0.22367,            0.031468,            0.005182,            0.005182,            0.005182
                 148,            0.098946,             0.16584,            0.027239,             0.34666,             0.27668,             0.25244,             0.12577,            0.095863,             0.22367,            0.031469,            0.005149,            0.005149,            0.005149
                 149,            0.098903,             0.16475,            0.027327,             0.34893,             0.27569,             0.25259,             0.12573,            0.095853,             0.22367,            0.031459,            0.005116,            0.005116,            0.005116
                 150,            0.098584,             0.16446,            0.027061,             0.34814,             0.27487,             0.25276,             0.12586,            0.095843,             0.22368,             0.03145,            0.005083,            0.005083,            0.005083
                 151,            0.098326,             0.16386,            0.027426,             0.34939,              0.2759,             0.25306,             0.12606,             0.09583,             0.22369,             0.03144,             0.00505,             0.00505,             0.00505
                 152,            0.098449,             0.16549,            0.027124,             0.35125,             0.27481,             0.25293,             0.12598,            0.095821,              0.2237,            0.031431,            0.005017,            0.005017,            0.005017
                 153,            0.098624,             0.16315,            0.027195,             0.34958,             0.27629,             0.25315,             0.12605,            0.095812,             0.22369,            0.031425,            0.004984,            0.004984,            0.004984
                 154,            0.098581,             0.16377,            0.027135,             0.34995,              0.2766,             0.25332,             0.12622,            0.095803,             0.22371,            0.031417,            0.004951,            0.004951,            0.004951
                 155,              0.0987,             0.16496,            0.027293,             0.35012,             0.27685,             0.25321,             0.12628,            0.095793,             0.22371,            0.031408,            0.004918,            0.004918,            0.004918
                 156,            0.098197,             0.16403,            0.027217,             0.34963,             0.27671,             0.25349,             0.12651,            0.095786,             0.22373,            0.031401,            0.004885,            0.004885,            0.004885
                 157,            0.098719,             0.16567,            0.027148,              0.3493,             0.27666,             0.25371,             0.12668,            0.095779,             0.22373,            0.031389,            0.004852,            0.004852,            0.004852
                 158,            0.098215,             0.16305,            0.026997,             0.35177,             0.27611,             0.25403,              0.1268,            0.095775,             0.22373,            0.031385,            0.004819,            0.004819,            0.004819
                 159,            0.098435,             0.16408,            0.027042,             0.35051,             0.27604,             0.25391,             0.12696,             0.09577,             0.22373,            0.031377,            0.004786,            0.004786,            0.004786
                 160,            0.098643,             0.16342,            0.026975,              0.3518,             0.27524,             0.25458,             0.12717,            0.095765,             0.22373,             0.03137,            0.004753,            0.004753,            0.004753
                 161,            0.098047,              0.1634,            0.027084,             0.35312,             0.27457,             0.25461,             0.12721,            0.095759,             0.22374,            0.031367,             0.00472,             0.00472,             0.00472
                 162,            0.098364,             0.16305,            0.027029,             0.35341,             0.27487,             0.25477,             0.12722,            0.095754,             0.22374,            0.031359,            0.004687,            0.004687,            0.004687
                 163,            0.098261,             0.16443,             0.02708,             0.35312,             0.27506,             0.25504,             0.12732,            0.095747,             0.22374,            0.031353,            0.004654,            0.004654,            0.004654
                 164,            0.098791,             0.16624,            0.026943,             0.35219,             0.27632,             0.25529,             0.12764,            0.095743,             0.22375,            0.031349,            0.004621,            0.004621,            0.004621
                 165,            0.098339,             0.16296,            0.026781,             0.35336,             0.27699,             0.25537,             0.12767,            0.095738,             0.22376,            0.031347,            0.004588,            0.004588,            0.004588
                 166,            0.098404,             0.16478,            0.026974,             0.35378,             0.27764,              0.2553,             0.12776,            0.095731,             0.22377,             0.03134,            0.004555,            0.004555,            0.004555
                 167,            0.097969,              0.1625,            0.026816,             0.35433,             0.27671,             0.25531,             0.12774,            0.095727,             0.22376,            0.031338,            0.004522,            0.004522,            0.004522
                 168,            0.098428,             0.16394,            0.026783,             0.35566,             0.27707,             0.25528,             0.12785,             0.09572,             0.22375,            0.031333,            0.004489,            0.004489,            0.004489
                 169,            0.098005,             0.16368,            0.026864,             0.35503,             0.27726,             0.25544,             0.12792,            0.095716,             0.22375,            0.031328,            0.004456,            0.004456,            0.004456
                 170,            0.098441,             0.16199,            0.026794,             0.35331,             0.27901,             0.25586,             0.12812,            0.095712,             0.22375,            0.031327,            0.004423,            0.004423,            0.004423
                 171,            0.098371,             0.16382,             0.02695,             0.35227,             0.27913,             0.25595,             0.12826,            0.095706,             0.22373,            0.031321,             0.00439,             0.00439,             0.00439
                 172,            0.097978,             0.16291,            0.026837,              0.3534,             0.27787,             0.25602,             0.12826,            0.095699,             0.22372,            0.031318,            0.004357,            0.004357,            0.004357
                 173,            0.098359,             0.16242,            0.026886,             0.35367,             0.27812,             0.25615,             0.12834,            0.095693,             0.22371,            0.031316,            0.004324,            0.004324,            0.004324
                 174,            0.098353,             0.16329,            0.026975,             0.35312,             0.27807,             0.25615,             0.12837,            0.095687,             0.22371,            0.031312,            0.004291,            0.004291,            0.004291
                 175,            0.098089,             0.16258,            0.026809,             0.34993,             0.27847,             0.25649,             0.12838,            0.095682,              0.2237,            0.031306,            0.004258,            0.004258,            0.004258
                 176,            0.097744,             0.16301,            0.026803,             0.35176,             0.27789,             0.25675,             0.12854,            0.095675,              0.2237,            0.031305,            0.004225,            0.004225,            0.004225
                 177,            0.098198,             0.16453,            0.026956,             0.35343,             0.27698,             0.25693,             0.12868,             0.09567,              0.2237,            0.031303,            0.004192,            0.004192,            0.004192
                 178,            0.097906,             0.16262,            0.026763,             0.35308,              0.2769,             0.25684,             0.12878,            0.095665,             0.22369,            0.031302,            0.004159,            0.004159,            0.004159
                 179,               0.098,             0.16443,            0.026585,             0.35301,             0.27734,             0.25701,             0.12898,            0.095659,             0.22369,            0.031295,            0.004126,            0.004126,            0.004126
                 180,            0.097854,             0.16148,            0.026681,             0.35201,             0.27852,             0.25737,             0.12928,            0.095656,             0.22368,             0.03129,            0.004093,            0.004093,            0.004093
                 181,            0.097951,             0.16248,            0.026642,             0.35237,             0.27825,             0.25755,              0.1294,            0.095651,             0.22367,            0.031284,             0.00406,             0.00406,             0.00406
                 182,            0.098082,             0.16234,            0.026653,              0.3532,             0.27839,             0.25759,              0.1295,            0.095647,             0.22367,            0.031281,            0.004027,            0.004027,            0.004027
                 183,            0.097884,             0.16198,            0.026583,             0.35366,             0.27864,             0.25774,              0.1295,            0.095643,             0.22367,            0.031279,            0.003994,            0.003994,            0.003994
                 184,            0.098181,              0.1634,            0.026646,             0.35356,             0.27878,              0.2578,             0.12948,             0.09564,             0.22367,            0.031277,            0.003961,            0.003961,            0.003961
                 185,            0.097999,             0.16232,            0.026569,             0.35377,             0.27878,             0.25811,             0.12956,            0.095636,             0.22366,            0.031273,            0.003928,            0.003928,            0.003928
                 186,            0.097671,             0.16335,            0.026545,             0.35392,             0.27931,             0.25816,             0.12964,            0.095633,             0.22366,            0.031271,            0.003895,            0.003895,            0.003895
                 187,            0.097907,             0.16362,            0.026622,              0.3563,             0.27871,             0.25834,              0.1298,            0.095627,             0.22365,            0.031263,            0.003862,            0.003862,            0.003862
                 188,            0.097773,             0.16157,            0.026625,             0.35655,             0.27878,             0.25839,             0.12983,            0.095625,             0.22366,            0.031263,            0.003829,            0.003829,            0.003829
                 189,            0.097909,             0.16296,             0.02674,             0.35714,             0.27886,              0.2584,             0.12994,             0.09562,             0.22365,            0.031258,            0.003796,            0.003796,            0.003796
                 190,            0.097861,             0.16298,            0.026706,             0.35672,             0.27901,             0.25861,             0.13005,            0.095617,             0.22365,            0.031254,            0.003763,            0.003763,            0.003763
                 191,            0.098261,             0.16388,            0.026629,             0.35851,             0.27857,              0.2586,             0.12999,            0.095613,             0.22364,            0.031249,             0.00373,             0.00373,             0.00373
                 192,            0.097494,             0.16312,            0.026598,             0.35796,             0.27831,             0.25848,                0.13,            0.095608,             0.22365,            0.031245,            0.003697,            0.003697,            0.003697
                 193,            0.098195,             0.16375,            0.026562,             0.35813,             0.27837,             0.25886,             0.13014,            0.095606,             0.22365,            0.031241,            0.003664,            0.003664,            0.003664
                 194,            0.097761,             0.16386,            0.026422,             0.35989,              0.2779,             0.25881,             0.13017,            0.095602,             0.22365,            0.031237,            0.003631,            0.003631,            0.003631
                 195,            0.097935,             0.16152,            0.026444,             0.36036,             0.27796,             0.25888,              0.1302,            0.095599,             0.22366,            0.031231,            0.003598,            0.003598,            0.003598
                 196,            0.098068,             0.16288,            0.026467,             0.35824,             0.27888,             0.25904,             0.13027,            0.095596,             0.22366,            0.031229,            0.003565,            0.003565,            0.003565
                 197,             0.09784,             0.16293,            0.026434,             0.35796,             0.27887,             0.25916,             0.13037,            0.095593,             0.22365,            0.031226,            0.003532,            0.003532,            0.003532
                 198,            0.097902,             0.16283,            0.026479,             0.35815,             0.27888,             0.25929,             0.13049,            0.095589,             0.22365,            0.031222,            0.003499,            0.003499,            0.003499
                 199,            0.097597,             0.16313,            0.026457,              0.3584,             0.27903,             0.25946,             0.13053,            0.095585,             0.22365,            0.031218,            0.003466,            0.003466,            0.003466
                 200,            0.097567,             0.16385,            0.026386,             0.36049,             0.27821,             0.25953,             0.13052,            0.095582,             0.22364,            0.031218,            0.003433,            0.003433,            0.003433
                 201,            0.097643,             0.16218,            0.026262,             0.35872,              0.2789,             0.25957,             0.13058,            0.095578,             0.22364,            0.031216,              0.0034,              0.0034,              0.0034
                 202,            0.097584,             0.16097,            0.026432,             0.36151,             0.27816,             0.25959,             0.13056,            0.095575,             0.22364,            0.031215,            0.003367,            0.003367,            0.003367
                 203,            0.097816,             0.16088,            0.026535,             0.36351,             0.27733,             0.25958,              0.1306,            0.095572,             0.22363,            0.031213,            0.003334,            0.003334,            0.003334
                 204,            0.097836,             0.16112,            0.026341,             0.36319,             0.27751,             0.25963,             0.13064,            0.095567,             0.22363,            0.031209,            0.003301,            0.003301,            0.003301
                 205,            0.097657,             0.16206,            0.026522,             0.36267,             0.27744,              0.2595,             0.13067,            0.095565,             0.22364,            0.031206,            0.003268,            0.003268,            0.003268
                 206,            0.097648,             0.16253,            0.026325,             0.36074,             0.27806,             0.25991,             0.13078,            0.095562,             0.22363,            0.031205,            0.003235,            0.003235,            0.003235
                 207,            0.097566,             0.16477,            0.026443,             0.36379,             0.27774,             0.25983,             0.13081,            0.095558,             0.22363,            0.031203,            0.003202,            0.003202,            0.003202
                 208,            0.097796,             0.16091,            0.026221,             0.36098,             0.27818,             0.25995,             0.13092,            0.095555,             0.22363,            0.031199,            0.003169,            0.003169,            0.003169
                 209,            0.097953,             0.16225,            0.026297,             0.36138,             0.27835,             0.26006,             0.13096,            0.095554,             0.22364,            0.031197,            0.003136,            0.003136,            0.003136
                 210,            0.097558,             0.16061,            0.026352,             0.35858,             0.28076,             0.26009,             0.13099,            0.095551,             0.22364,            0.031195,            0.003103,            0.003103,            0.003103
                 211,            0.097645,             0.16218,            0.026298,             0.36012,             0.27951,             0.26008,             0.13107,            0.095546,             0.22364,            0.031192,             0.00307,             0.00307,             0.00307
                 212,            0.097561,             0.16167,            0.026405,              0.3593,             0.28095,             0.26013,             0.13114,            0.095545,             0.22364,            0.031191,            0.003037,            0.003037,            0.003037
                 213,            0.097553,             0.16197,             0.02627,             0.35963,             0.28081,             0.26002,              0.1311,            0.095542,             0.22364,            0.031189,            0.003004,            0.003004,            0.003004
                 214,            0.097608,             0.16185,             0.02625,              0.3596,             0.28068,             0.26018,             0.13118,            0.095539,             0.22364,            0.031185,            0.002971,            0.002971,            0.002971
                 215,            0.097691,             0.16322,            0.026359,             0.35824,             0.28199,             0.26018,             0.13125,            0.095537,             0.22363,            0.031182,            0.002938,            0.002938,            0.002938
                 216,            0.097596,             0.16148,            0.025981,             0.35852,             0.28205,             0.26031,              0.1313,            0.095534,             0.22363,            0.031181,            0.002905,            0.002905,            0.002905
                 217,            0.097622,             0.16241,            0.026246,             0.35923,             0.28186,             0.26053,             0.13133,             0.09553,             0.22363,            0.031175,            0.002872,            0.002872,            0.002872
                 218,             0.09751,             0.16193,            0.026095,             0.35972,             0.28187,              0.2605,             0.13134,            0.095528,             0.22363,            0.031174,            0.002839,            0.002839,            0.002839
                 219,            0.097634,             0.16245,            0.026225,             0.35774,             0.28317,             0.26067,             0.13137,            0.095526,             0.22363,            0.031172,            0.002806,            0.002806,            0.002806
                 220,             0.09716,              0.1636,             0.02628,             0.35957,             0.28194,             0.26079,             0.13148,            0.095524,             0.22363,             0.03117,            0.002773,            0.002773,            0.002773
                 221,            0.097267,             0.16079,            0.026213,             0.35932,             0.28216,             0.26081,              0.1315,            0.095521,             0.22363,            0.031169,             0.00274,             0.00274,             0.00274
                 222,            0.097387,              0.1601,            0.026109,             0.35757,             0.28329,             0.26079,             0.13142,            0.095518,             0.22362,            0.031165,            0.002707,            0.002707,            0.002707
                 223,            0.097814,             0.16349,            0.026279,             0.35766,             0.28351,             0.26078,             0.13146,            0.095515,             0.22362,            0.031163,            0.002674,            0.002674,            0.002674
                 224,            0.097164,             0.16137,             0.02606,             0.35733,             0.28306,             0.26081,             0.13147,            0.095513,             0.22362,            0.031159,            0.002641,            0.002641,            0.002641
                 225,            0.097402,              0.1614,            0.025979,             0.35566,             0.28392,             0.26089,             0.13159,             0.09551,             0.22361,            0.031158,            0.002608,            0.002608,            0.002608
                 226,            0.097215,             0.16145,            0.026157,             0.35711,             0.28322,             0.26099,             0.13174,            0.095508,             0.22361,            0.031157,            0.002575,            0.002575,            0.002575
                 227,            0.097343,             0.16093,            0.026157,             0.35765,             0.28349,             0.26094,             0.13157,            0.095505,             0.22361,            0.031155,            0.002542,            0.002542,            0.002542
                 228,             0.09756,             0.16142,            0.026084,             0.35704,             0.28287,             0.26094,             0.13159,            0.095503,             0.22361,            0.031152,            0.002509,            0.002509,            0.002509
                 229,            0.097173,             0.15961,            0.026197,             0.35666,             0.28305,             0.26098,             0.13169,            0.095501,              0.2236,             0.03115,            0.002476,            0.002476,            0.002476
                 230,            0.097219,             0.15989,            0.025778,             0.35558,             0.28414,             0.26093,             0.13171,            0.095498,             0.22361,            0.031149,            0.002443,            0.002443,            0.002443
                 231,              0.0972,             0.15984,            0.025967,             0.35487,             0.28342,             0.26105,             0.13188,            0.095494,              0.2236,            0.031146,             0.00241,             0.00241,             0.00241
                 232,            0.097224,             0.15921,            0.025821,              0.3551,             0.28344,             0.26095,             0.13184,            0.095491,              0.2236,            0.031145,            0.002377,            0.002377,            0.002377
                 233,            0.097153,             0.16167,            0.026171,              0.3558,             0.28348,             0.26102,              0.1319,            0.095489,              0.2236,            0.031142,            0.002344,            0.002344,            0.002344
                 234,            0.097262,             0.16211,            0.025942,             0.35671,             0.28368,             0.26104,               0.132,            0.095487,              0.2236,            0.031141,            0.002311,            0.002311,            0.002311
                 235,             0.09728,             0.16104,            0.025872,             0.35821,             0.28423,             0.26105,             0.13201,            0.095484,              0.2236,            0.031139,            0.002278,            0.002278,            0.002278
                 236,            0.096874,             0.15983,            0.026013,             0.35877,             0.28443,             0.26107,             0.13201,            0.095483,              0.2236,            0.031138,            0.002245,            0.002245,            0.002245
                 237,             0.09737,             0.16173,             0.02608,             0.35905,             0.28449,             0.26113,             0.13192,             0.09548,             0.22361,            0.031136,            0.002212,            0.002212,            0.002212
                 238,            0.097424,             0.16123,            0.025866,             0.35838,             0.28444,             0.26108,               0.132,            0.095477,              0.2236,            0.031134,            0.002179,            0.002179,            0.002179
                 239,            0.096938,             0.16023,            0.025936,             0.35817,             0.28461,             0.26116,             0.13201,            0.095474,              0.2236,            0.031132,            0.002146,            0.002146,            0.002146
                 240,            0.097035,             0.16047,            0.025907,             0.35614,             0.28533,             0.26156,             0.13222,            0.095473,             0.22361,             0.03113,            0.002113,            0.002113,            0.002113
                 241,            0.097266,             0.15968,             0.02591,             0.35578,              0.2851,             0.26148,             0.13224,            0.095469,              0.2236,            0.031127,             0.00208,             0.00208,             0.00208
                 242,            0.097309,             0.15986,            0.025861,              0.3557,             0.28511,             0.26158,             0.13227,            0.095466,              0.2236,            0.031125,            0.002047,            0.002047,            0.002047
                 243,            0.097051,             0.15845,            0.025815,             0.35566,             0.28501,             0.26159,             0.13228,            0.095464,              0.2236,            0.031124,            0.002014,            0.002014,            0.002014
                 244,            0.096916,                0.16,            0.025665,             0.35555,               0.285,             0.26154,             0.13227,            0.095462,              0.2236,            0.031124,            0.001981,            0.001981,            0.001981
                 245,            0.097035,             0.15818,              0.0259,             0.35736,             0.28369,             0.26147,             0.13222,            0.095459,              0.2236,            0.031121,            0.001948,            0.001948,            0.001948
                 246,            0.097194,             0.15966,            0.025929,             0.35684,             0.28375,             0.26153,             0.13242,            0.095458,              0.2236,             0.03112,            0.001915,            0.001915,            0.001915
                 247,             0.09729,             0.16182,            0.025789,             0.36118,             0.28167,             0.26153,             0.13232,            0.095457,              0.2236,            0.031118,            0.001882,            0.001882,            0.001882
                 248,            0.097189,              0.1601,            0.025856,             0.35705,             0.28388,             0.26158,              0.1324,            0.095454,             0.22359,            0.031117,            0.001849,            0.001849,            0.001849
                 249,            0.096936,             0.15834,            0.025926,             0.35864,             0.28278,             0.26165,             0.13246,            0.095453,             0.22359,            0.031118,            0.001816,            0.001816,            0.001816
                 250,            0.096999,             0.16055,            0.025816,             0.35647,              0.2839,             0.26183,             0.13254,             0.09545,              0.2236,            0.031117,            0.001783,            0.001783,            0.001783
                 251,            0.097094,             0.16166,            0.025861,             0.35616,             0.28358,             0.26195,             0.13268,            0.095448,              0.2236,            0.031115,             0.00175,             0.00175,             0.00175
                 252,            0.096598,             0.15798,            0.025707,             0.35619,             0.28339,             0.26186,             0.13272,            0.095445,             0.22359,            0.031113,            0.001717,            0.001717,            0.001717
                 253,            0.097184,             0.15942,             0.02588,             0.35665,             0.28363,             0.26192,             0.13278,            0.095444,             0.22359,            0.031113,            0.001684,            0.001684,            0.001684
                 254,            0.096882,             0.15981,            0.025834,             0.35673,             0.28345,             0.26195,             0.13281,            0.095441,              0.2236,            0.031112,            0.001651,            0.001651,            0.001651
                 255,            0.096768,             0.16204,             0.02576,             0.35736,             0.28343,             0.26218,              0.1328,             0.09544,              0.2236,            0.031114,            0.001618,            0.001618,            0.001618
                 256,            0.096976,             0.15907,             0.02581,             0.35722,              0.2832,             0.26223,             0.13284,            0.095438,              0.2236,            0.031111,            0.001585,            0.001585,            0.001585
                 257,            0.096845,             0.15873,            0.025861,             0.35909,             0.28252,             0.26235,              0.1328,            0.095435,              0.2236,            0.031108,            0.001552,            0.001552,            0.001552
                 258,            0.096906,             0.15981,            0.025709,             0.36085,             0.28164,             0.26218,             0.13282,            0.095434,              0.2236,            0.031108,            0.001519,            0.001519,            0.001519
                 259,             0.09704,             0.16083,             0.02577,              0.3609,             0.28179,             0.26216,              0.1329,            0.095432,              0.2236,            0.031105,            0.001486,            0.001486,            0.001486
                 260,            0.097059,             0.16136,            0.025549,             0.36163,              0.2822,             0.26246,             0.13298,            0.095431,             0.22361,            0.031107,            0.001453,            0.001453,            0.001453
                 261,            0.097129,             0.15915,            0.025692,              0.3629,             0.28114,             0.26222,              0.1329,            0.095428,              0.2236,            0.031104,             0.00142,             0.00142,             0.00142
                 262,            0.096956,             0.15892,            0.025621,             0.36339,             0.28167,             0.26239,             0.13296,            0.095426,              0.2236,            0.031104,            0.001387,            0.001387,            0.001387
                 263,            0.096254,             0.15828,             0.02554,             0.36379,             0.28155,             0.26233,               0.133,            0.095424,             0.22361,            0.031102,            0.001354,            0.001354,            0.001354
                 264,            0.097094,             0.16063,            0.025636,             0.36351,             0.28182,             0.26262,             0.13313,            0.095422,             0.22361,            0.031103,            0.001321,            0.001321,            0.001321
                 265,            0.096489,             0.15904,            0.025469,             0.36343,             0.28152,             0.26242,              0.1331,             0.09542,             0.22361,            0.031101,            0.001288,            0.001288,            0.001288
                 266,            0.096766,             0.15898,            0.025695,             0.36307,             0.28159,             0.26255,             0.13314,            0.095419,             0.22362,            0.031102,            0.001255,            0.001255,            0.001255
                 267,             0.09688,             0.16056,            0.025384,             0.36353,             0.28145,             0.26245,             0.13318,            0.095416,             0.22362,            0.031099,            0.001222,            0.001222,            0.001222
                 268,             0.09637,             0.15923,            0.025552,             0.36329,             0.28169,             0.26263,             0.13318,            0.095415,             0.22362,            0.031098,            0.001189,            0.001189,            0.001189
                 269,            0.096638,             0.15858,             0.02552,             0.36146,             0.28267,             0.26261,              0.1332,            0.095414,             0.22364,            0.031099,            0.001156,            0.001156,            0.001156
                 270,            0.096944,             0.15896,            0.025665,             0.36332,             0.28156,             0.26273,             0.13333,            0.095412,             0.22364,            0.031097,            0.001123,            0.001123,            0.001123
                 271,            0.096323,             0.15951,            0.025362,             0.36356,             0.28189,             0.26283,             0.13345,             0.09541,             0.22364,            0.031097,             0.00109,             0.00109,             0.00109
                 272,            0.096929,             0.15982,            0.025497,             0.36368,               0.282,             0.26288,             0.13342,            0.095409,             0.22365,            0.031098,            0.001057,            0.001057,            0.001057
                 273,            0.097096,             0.15834,            0.025468,             0.36152,             0.28303,             0.26282,             0.13351,            0.095407,             0.22366,            0.031098,            0.001024,            0.001024,            0.001024
                 274,            0.096471,              0.1577,            0.025483,             0.36131,             0.28297,             0.26282,             0.13353,            0.095405,             0.22366,            0.031097,            0.000991,            0.000991,            0.000991
                 275,            0.096926,             0.16045,            0.025318,             0.36174,             0.28316,             0.26279,             0.13338,            0.095404,             0.22367,            0.031095,            0.000958,            0.000958,            0.000958
                 276,            0.096648,             0.15801,            0.025526,             0.36326,             0.28223,             0.26283,              0.1334,            0.095401,             0.22368,            0.031096,            0.000925,            0.000925,            0.000925
                 277,            0.096902,             0.15976,            0.025472,             0.36263,             0.28316,             0.26297,             0.13349,            0.095399,             0.22367,            0.031096,            0.000892,            0.000892,            0.000892
                 278,             0.09662,             0.15864,            0.025291,             0.36127,             0.28435,             0.26322,             0.13364,            0.095398,             0.22369,            0.031095,            0.000859,            0.000859,            0.000859
                 279,            0.095951,             0.15658,            0.025486,             0.36094,             0.28416,             0.26308,             0.13349,            0.095398,              0.2237,            0.031097,            0.000826,            0.000826,            0.000826
                 280,            0.096451,             0.15814,            0.025374,             0.36117,             0.28425,             0.26319,             0.13364,            0.095395,              0.2237,            0.031097,            0.000793,            0.000793,            0.000793
                 281,            0.096583,             0.15742,            0.025199,             0.36122,             0.28433,             0.26332,             0.13372,            0.095394,             0.22371,            0.031097,             0.00076,             0.00076,             0.00076
                 282,            0.096751,             0.16021,            0.025271,              0.3579,              0.2859,             0.26323,             0.13375,            0.095392,             0.22371,            0.031096,            0.000727,            0.000727,            0.000727
                 283,            0.096186,             0.15695,            0.025394,             0.36111,             0.28404,             0.26322,             0.13371,            0.095391,             0.22372,            0.031093,            0.000694,            0.000694,            0.000694
                 284,            0.096246,             0.15873,            0.025234,             0.36259,             0.28317,             0.26319,             0.13379,            0.095391,             0.22373,            0.031095,            0.000661,            0.000661,            0.000661
                 285,            0.096227,             0.15815,            0.025208,             0.35912,             0.28509,             0.26309,              0.1338,            0.095388,             0.22374,            0.031094,            0.000628,            0.000628,            0.000628
                 286,            0.096247,              0.1581,            0.025225,             0.35872,             0.28518,             0.26306,             0.13365,            0.095388,             0.22375,            0.031095,            0.000595,            0.000595,            0.000595
                 287,            0.096645,             0.15833,            0.025514,             0.35849,             0.28525,             0.26324,             0.13379,            0.095386,             0.22375,            0.031095,            0.000562,            0.000562,            0.000562
                 288,            0.096231,             0.15735,            0.025247,             0.36017,             0.28413,             0.26317,             0.13387,            0.095385,             0.22376,            0.031095,            0.000529,            0.000529,            0.000529
                 289,            0.096263,             0.15667,            0.025134,              0.3602,             0.28446,             0.26334,             0.13381,            0.095382,             0.22377,            0.031094,            0.000496,            0.000496,            0.000496
                 290,             0.09622,             0.15515,            0.025202,             0.35848,             0.28541,             0.26338,             0.13384,            0.095382,             0.22378,            0.031094,            0.000463,            0.000463,            0.000463
                 291,            0.096432,             0.15619,            0.025136,             0.35873,             0.28555,             0.26333,             0.13391,            0.095379,             0.22378,            0.031095,             0.00043,             0.00043,             0.00043
                 292,            0.096847,             0.15789,            0.025321,             0.35884,             0.28563,             0.26358,             0.13398,             0.09538,              0.2238,            0.031095,            0.000397,            0.000397,            0.000397
                 293,            0.096429,             0.15818,            0.025222,              0.3582,             0.28532,             0.26333,             0.13396,            0.095377,             0.22381,            0.031094,            0.000364,            0.000364,            0.000364
                 294,            0.096515,             0.15823,            0.025301,             0.35843,              0.2853,             0.26348,             0.13399,            0.095375,             0.22381,            0.031094,            0.000331,            0.000331,            0.000331
                 295,            0.096113,             0.15845,            0.025261,             0.35868,             0.28527,             0.26346,             0.13395,            0.095376,             0.22382,            0.031096,            0.000298,            0.000298,            0.000298
                 296,            0.096562,             0.15768,            0.024972,             0.35865,             0.28542,             0.26356,             0.13397,            0.095374,             0.22384,            0.031097,            0.000265,            0.000265,            0.000265
                 297,            0.096434,             0.15959,            0.025042,             0.36058,             0.28445,              0.2635,             0.13397,            0.095374,             0.22385,            0.031095,            0.000232,            0.000232,            0.000232
                 298,            0.096243,             0.15589,             0.02526,             0.36019,             0.28461,             0.26357,             0.13398,            0.095371,             0.22385,            0.031095,            0.000199,            0.000199,            0.000199
                 299,            0.096408,             0.15734,            0.025223,             0.36039,             0.28493,             0.26345,             0.13393,            0.095371,             0.22386,            0.031095,            0.000166,            0.000166,            0.000166
